variant,seed,episode,day,scale,reward,cumulative_reward,decisions,switches,wall_s
pg_elapsed,0,1,0507,0.72,-5662508,-5662508,55696,5582,414.9
pg_elapsed,0,2,0507,0.59,-1476557,-7139065,63594,4146,27.2
pg_elapsed,0,3,0506,1.23,-2006166,-9145231,53036,6066,442.3
pg_elapsed,0,4,0505,1.20,-1275565,-10420796,35049,9336,42.7
pg_elapsed,0,5,0506,0.57,-396006,-10816802,24430,11268,25.7
pg_elapsed,0,6,0507,0.66,-401727,-11218529,37151,8954,32.3
pg_elapsed,0,7,0507,0.63,-325220,-11543749,31454,9990,30.6
pg_elapsed,0,8,0507,0.93,-610470,-12154219,41869,8096,41.0
pg_elapsed,0,9,0505,1.03,-663100,-12817319,44540,7611,47.9
pg_elapsed,0,10,0506,0.63,-404276,-13221595,28842,10466,43.2
pg_elapsed,0,11,0507,0.55,-257774,-13479369,29807,10290,40.2
pg_elapsed,0,12,0507,0.75,-403569,-13882938,35975,9168,48.7
pg_elapsed,0,13,0506,1.26,-3788929,-17671867,51092,6420,428.9
pg_elapsed,0,14,0507,1.03,-702041,-18373908,45508,7435,58.2
pg_elapsed,0,15,0507,1.01,-674211,-19048119,46916,7179,60.7
pg_elapsed,0,16,0505,1.08,-688353,-19736472,46075,7332,63.4
pg_elapsed,0,17,0507,0.50,-235522,-19971994,38348,8737,53.5
pg_elapsed,0,18,0506,0.54,-290688,-20262682,41007,8254,58.9
pg_elapsed,0,19,0506,0.51,-274288,-20536970,40228,8395,57.9
pg_elapsed,0,20,0505,1.16,-814102,-21351072,45838,7375,72.2
pg_elapsed,5,1,0507,1.15,-3926785,-3926785,64352,4009,100.2
pg_elapsed,5,2,0507,0.71,-2031128,-5957913,56840,5374,34.6
pg_elapsed,5,3,0505,1.06,-2054537,-8012450,44894,7546,240.0
pg_elapsed,5,4,0507,0.89,-1042716,-9055166,24446,11264,33.0
pg_elapsed,5,5,0505,0.52,-290025,-9345191,25511,11071,25.8
pg_elapsed,5,5,0505,0.52,-290025,-9635216,25511,11071,37.5
pg_elapsed,5,6,0506,0.93,-866980,-10502196,48729,6850,53.5
pg_elapsed,5,7,0506,0.66,-484420,-10986616,35657,9226,46.2
pg_elapsed,5,8,0507,0.54,-253860,-11240476,32465,9806,46.8
pg_elapsed,5,9,0506,0.78,-505859,-11746335,39139,8593,58.3
pg_elapsed,5,10,0505,1.13,-621587,-12367922,32598,9782,59.2
pg_elapsed,5,11,0506,1.14,-1300564,-13668486,36768,9024,101.7
pg_elapsed,5,12,0505,0.73,-335728,-14004214,33916,9542,66.9
pg_elapsed,5,13,0506,0.87,-640026,-14644240,29769,10296,76.3
pg_elapsed,5,14,0506,0.67,-401355,-15045595,25614,11052,61.4
pg_elapsed,5,15,0505,1.09,-600642,-15646237,31375,10005,87.8
pg_elapsed,5,16,0505,0.63,-272518,-15918755,29910,10271,84.9
pg_elapsed,5,17,0506,0.53,-275943,-16194698,23627,11414,82.0
pg_elapsed,5,18,0505,1.26,-790493,-16985191,32912,9726,104.9
pg_elapsed,5,19,0505,1.08,-590094,-17575285,34565,9424,95.4
pg_elapsed,5,20,0505,0.76,-352458,-17927743,24705,11218,82.7
pg_elapsed,6,1,0506,0.77,-3788481,-3788481,51395,6364,210.7
pg_elapsed,6,2,0505,0.63,-1013298,-4801779,41055,8245,80.0
pg_elapsed,6,3,0506,0.51,-474426,-5276205,31307,10017,32.1
pg_elapsed,6,4,0507,0.80,-597756,-5873961,38028,8795,43.4
pg_elapsed,6,5,0505,0.77,-398482,-6272443,24366,11280,42.4
pg_elapsed,6,6,0506,1.30,-1662415,-7934858,39986,8439,86.8
pg_elapsed,6,7,0506,0.92,-875580,-8810438,31447,9992,60.1
pg_elapsed,6,8,0506,1.28,-1506976,-10317414,49096,6783,158.6
pg_elapsed,6,9,0507,0.63,-297550,-10614964,34708,9398,53.2
pg_elapsed,6,10,0506,0.76,-504735,-11119699,29195,10401,62.5
pg_elapsed,6,11,0507,0.56,-250575,-11370274,24375,11278,62.1
pg_elapsed,6,12,0507,0.52,-242733,-11613007,30636,10140,62.5
pg_elapsed,6,13,0507,1.17,-789405,-12402412,40603,8327,86.8
pg_elapsed,6,14,0506,0.69,-427488,-12829900,27063,10788,72.3
pg_elapsed,6,15,0507,0.58,-265540,-13095440,27694,10674,60.5
pg_elapsed,6,16,0507,0.82,-448950,-13544390,33877,9550,81.9
pg_elapsed,6,17,0506,0.67,-398266,-13942656,27666,10680,92.9
pg_elapsed,6,18,0505,0.62,-261369,-14204025,23884,11367,92.3
pg_elapsed,6,19,0507,0.62,-296400,-14500425,28979,10440,90.0
pg_elapsed,6,20,0505,1.14,-683975,-15184400,32220,9851,109.6
pg_elapsed,7,1,0507,1.22,-3311833,-3311833,70357,2917,80.6
pg_elapsed,7,2,0506,0.61,-1215421,-4527254,56103,5508,37.9
pg_elapsed,7,3,0507,0.65,-579136,-5106390,29186,10402,34.5
pg_elapsed,7,4,0505,1.20,-875770,-5982160,42593,7965,49.0
pg_elapsed,7,5,0507,0.50,-211784,-6193944,25939,10994,37.9
pg_elapsed,7,6,0507,1.29,-991032,-7184976,46123,7324,62.8
pg_elapsed,7,7,0507,1.20,-794029,-7979005,41394,8183,65.9
pg_elapsed,7,8,0506,0.64,-344959,-8323964,38658,8680,57.0
pg_elapsed,7,9,0507,0.52,-230639,-8554603,34997,9346,64.7
pg_elapsed,7,10,0507,0.57,-247359,-8801962,34341,9466,69.8
pg_elapsed,7,11,0506,0.71,-410063,-9212025,38918,8634,77.8
pg_elapsed,7,12,0507,1.19,-757983,-9970008,41625,8141,90.3
pg_elapsed,7,13,0506,1.00,-847261,-10817269,43253,7845,99.5
pg_elapsed,7,14,0506,0.71,-416582,-11233851,38389,8730,93.2
pg_elapsed,7,15,0505,1.21,-708691,-11942542,41636,8139,98.7
pg_elapsed,7,16,0506,0.55,-279551,-12222093,36085,9148,94.6
pg_elapsed,7,17,0505,0.63,-267497,-12489590,35283,9294,106.1
pg_elapsed,7,18,0507,1.14,-708551,-13198141,40544,8338,117.8
pg_elapsed,7,19,0507,1.15,-717334,-13915475,40123,8414,132.6
pg_elapsed,7,20,0506,0.93,-722667,-14638142,41141,8229,120.2
pg_elapsed,8,1,0507,1.29,-3574300,-3574300,47061,7152,520.0
pg_elapsed,8,2,0507,1.23,-1949756,-5524056,38402,8727,163.4
pg_elapsed,8,3,0505,1.16,-1233678,-6757734,36919,8996,110.5
pg_elapsed,8,4,0505,0.65,-717947,-7475681,37787,8839,41.1
pg_elapsed,8,5,0505,0.65,-451211,-7926892,43717,7760,42.3
pg_elapsed,8,6,0505,1.00,-767978,-8694870,30705,10126,55.4
pg_elapsed,8,7,0506,1.26,-1688251,-10383121,38625,8686,350.3
pg_elapsed,8,8,0506,0.68,-603266,-10986387,27153,10772,59.9
pg_elapsed,8,9,0505,0.92,-680835,-11667222,29118,10415,66.8
pg_elapsed,8,10,0506,0.98,-1150131,-12817353,32017,9888,144.8
pg_elapsed,8,11,0505,0.95,-710722,-13528075,29593,10329,80.1
pg_elapsed,8,12,0506,1.17,-1554411,-15082486,35572,9242,252.3
pg_elapsed,8,13,0505,0.87,-613678,-15696164,27745,10665,73.4
pg_elapsed,8,14,0507,0.76,-583242,-16279406,25829,11014,76.5
pg_elapsed,8,15,0505,1.02,-808288,-17087694,30154,10227,82.4
pg_elapsed,8,16,0507,1.00,-894626,-17982320,30957,10081,106.8
pg_elapsed,8,17,0505,0.63,-368749,-18351069,31054,10064,87.2
pg_elapsed,8,18,0505,0.52,-267260,-18618329,22257,11662,86.0
pg_elapsed,8,19,0507,0.57,-361310,-18979639,22715,11580,81.2
pg_elapsed,8,20,0505,0.59,-318209,-19297848,22932,11540,91.5
pg_elapsed,9,1,0506,0.73,-4742654,-4742654,72768,2478,686.9
pg_elapsed,9,2,0505,0.73,-932961,-5675615,62536,4339,38.6
pg_elapsed,9,3,0507,0.88,-1732789,-7408404,42465,7988,308.5
pg_elapsed,9,4,0506,0.95,-927603,-8336007,40395,8364,40.3
pg_elapsed,9,5,0505,0.81,-379858,-8715865,38704,8672,49.5
pg_elapsed,9,6,0507,0.84,-463815,-9179680,40846,8283,55.5
pg_elapsed,9,7,0507,0.91,-510351,-9690031,41639,8138,48.6
pg_elapsed,9,8,0507,0.75,-371517,-10061548,38630,8686,64.8
pg_elapsed,9,9,0505,1.04,-570226,-10631774,43684,7766,73.6
pg_elapsed,9,10,0507,1.09,-675468,-11307242,42244,8028,78.2
pg_elapsed,9,11,0505,0.92,-465031,-11772273,41119,8233,74.8
pg_elapsed,9,12,0507,0.72,-356621,-12128894,36235,9122,61.4
pg_elapsed,9,13,0506,1.02,-940395,-13069289,45031,7522,107.2
pg_elapsed,9,14,0505,1.08,-660431,-13729720,41999,8074,109.4
pg_elapsed,9,15,0506,1.11,-1182076,-14911796,46001,7346,138.7
pg_elapsed,9,16,0507,1.08,-672852,-15584648,41285,8203,113.8
pg_elapsed,9,17,0506,0.71,-440481,-16025129,39694,8492,114.6
pg_elapsed,9,18,0506,0.74,-458472,-16483601,39666,8498,113.9
pg_elapsed,9,19,0506,1.28,-1612424,-18096025,48775,6841,218.6
pg_elapsed,9,20,0507,0.54,-255029,-18351054,34684,9403,92.1
pg_elapsed,10,1,0507,0.67,-4689441,-4689441,60899,4636,276.7
pg_elapsed,10,2,0506,1.09,-2260657,-6950098,63449,4173,281.6
pg_elapsed,10,3,0505,1.00,-1817599,-8767697,37876,8822,89.1
pg_elapsed,10,4,0506,0.65,-701011,-9468708,36463,9080,49.3
pg_elapsed,10,5,0505,0.82,-651196,-10119904,29452,10354,56.5
pg_elapsed,10,6,0506,0.99,-1108482,-11228386,43159,7862,119.6
pg_elapsed,10,7,0505,0.50,-302113,-11530499,30119,10233,54.4
pg_elapsed,10,8,0505,1.16,-933185,-12463684,32948,9719,80.4
pg_elapsed,10,9,0507,0.75,-634894,-13098578,24874,11187,55.0
pg_elapsed,10,10,0506,1.14,-1405570,-14504148,43650,7773,181.5
pg_elapsed,10,11,0506,0.73,-639124,-15143272,35522,9250,73.4
pg_elapsed,10,12,0507,0.54,-370237,-15513509,22551,11610,66.6
pg_elapsed,10,13,0506,0.63,-495586,-16009095,25690,11038,69.9
pg_elapsed,10,14,0507,1.19,-1144750,-17153845,34979,9350,123.9
pg_elapsed,10,15,0507,0.60,-417364,-17571209,22276,11659,77.2
pg_elapsed,10,16,0507,0.94,-782671,-18353880,29745,10301,87.6
pg_elapsed,10,17,0506,0.80,-753784,-19107664,37872,8824,91.8
pg_elapsed,10,18,0505,1.10,-851805,-19959469,37854,8826,82.3
pg_elapsed,10,19,0507,1.17,-1058808,-21018277,33834,9558,118.7
pg_elapsed,10,20,0507,1.00,-833601,-21851878,30248,10210,84.1
pg_elapsed,11,1,0505,0.90,-5343300,-5343300,58468,5078,949.4
pg_elapsed,11,2,0505,0.73,-2154699,-7497999,54771,5751,61.5
pg_elapsed,11,3,0507,1.06,-3198803,-10696802,65244,3846,739.8
pg_elapsed,11,4,0505,0.83,-782007,-11478809,30264,10206,46.1
pg_elapsed,11,5,0505,1.29,-2043718,-13522527,52845,6101,281.0
pg_elapsed,11,6,0505,1.07,-741958,-14264485,38116,8779,71.1
pg_elapsed,11,7,0507,1.23,-916329,-15180814,46112,7326,84.9
pg_elapsed,11,8,0505,0.92,-485198,-15666012,26148,10956,72.0
pg_elapsed,11,9,0507,0.62,-285485,-15951497,26124,10960,69.7
pg_elapsed,11,10,0506,0.75,-462912,-16414409,28797,10474,68.8
pg_elapsed,11,11,0507,0.67,-322035,-16736444,28207,10580,83.8
pg_elapsed,11,12,0507,1.17,-743605,-17480049,38913,8634,73.8
pg_elapsed,11,13,0505,1.14,-658629,-18138678,40836,8284,102.6
pg_elapsed,11,14,0507,1.28,-908406,-19047084,40954,8263,118.0
pg_elapsed,11,15,0506,0.56,-295109,-19342193,24088,11330,87.4
pg_elapsed,11,16,0507,0.86,-475847,-19818040,32702,9764,98.8
pg_elapsed,11,17,0506,1.16,-1282790,-21100830,36081,9149,145.9
pg_elapsed,11,18,0506,1.11,-1139147,-22239977,36838,9012,132.0
pg_elapsed,11,19,0507,1.25,-889167,-23129144,42188,8038,123.8
pg_elapsed,11,20,0506,1.14,-1241414,-24370558,37207,8944,123.9
pg_elapsed,12,1,0506,1.26,-2850373,-2850373,63889,4093,703.8
pg_elapsed,12,2,0505,0.72,-1551442,-4401815,47842,7010,80.5
pg_elapsed,12,3,0506,1.16,-5315096,-9716911,59156,4954,1460.1
pg_elapsed,12,4,0507,0.94,-1307725,-11024636,44311,7652,64.3
pg_elapsed,12,5,0506,1.14,-1729467,-12754103,47336,7103,213.3
pg_elapsed,12,6,0507,0.87,-670216,-13424319,35306,9290,64.7
pg_elapsed,12,7,0507,0.61,-346421,-13770740,39612,8507,62.6
pg_elapsed,12,8,0505,0.66,-331612,-14102352,37425,8904,47.5
pg_elapsed,12,9,0507,0.51,-243360,-14345712,30475,10168,61.0
pg_elapsed,12,10,0505,0.95,-550179,-14895891,40712,8307,74.4
pg_elapsed,12,11,0506,0.98,-935987,-15831878,34983,9349,88.8
pg_elapsed,12,12,0506,0.62,-380638,-16212516,28224,10578,65.0
pg_elapsed,12,13,0506,1.15,-1299609,-17512125,37423,8906,136.8
pg_elapsed,12,14,0507,0.80,-459397,-17971522,31254,10027,79.4
pg_elapsed,12,15,0506,0.57,-336903,-18308425,27589,10693,87.7
pg_elapsed,12,16,0507,1.17,-865720,-19174145,40140,8411,110.4
pg_elapsed,12,17,0507,1.21,-917417,-20091562,39543,8520,118.1
pg_elapsed,12,18,0505,0.70,-343872,-20435434,27268,10752,88.4
pg_elapsed,12,19,0507,1.05,-706111,-21141545,36954,8990,99.1
pg_elapsed,12,20,0506,0.58,-336570,-21478115,34978,9350,112.3
pg_elapsed,13,1,0507,1.18,-6685854,-6685854,73316,2379,866.9
pg_elapsed,13,2,0507,0.91,-3630895,-10316749,58284,5112,299.0
pg_elapsed,13,3,0505,1.14,-3443787,-13760536,45779,7386,341.6
pg_elapsed,13,4,0507,1.14,-1659116,-15419652,37686,8858,54.7
pg_elapsed,13,5,0507,1.07,-1393192,-16812844,34786,9384,59.8
pg_elapsed,13,6,0505,0.95,-1026938,-17839782,33848,9555,63.1
pg_elapsed,13,7,0505,0.70,-645369,-18485151,29594,10328,60.0
pg_elapsed,13,8,0507,0.66,-510300,-18995451,29164,10407,58.8
pg_elapsed,13,9,0505,1.02,-662314,-19657765,37467,8898,78.9
pg_elapsed,13,10,0506,1.07,-1328806,-20986571,43552,7790,89.8
pg_elapsed,13,11,0506,0.51,-304685,-21291256,33036,9703,68.5
pg_elapsed,13,12,0506,0.95,-920144,-22211400,39378,8550,83.6
pg_elapsed,13,13,0507,0.84,-494378,-22705778,32795,9746,70.8
pg_elapsed,13,14,0507,0.64,-319088,-23024866,31413,9998,86.9
pg_elapsed,13,15,0506,1.26,-1772645,-24797511,45887,7366,141.3
pg_elapsed,13,16,0507,0.81,-469443,-25266954,32363,9826,90.8
pg_elapsed,13,17,0506,0.65,-396643,-25663597,34937,9357,97.6
pg_elapsed,13,18,0507,1.16,-846042,-26509639,37211,8944,120.8
pg_elapsed,13,19,0505,0.52,-235212,-26744851,33275,9660,109.1
pg_elapsed,13,20,0505,1.30,-990984,-27735835,39986,8439,134.6
pg_elapsed,14,1,0505,0.79,-4212818,-4212818,59711,4852,352.3
pg_elapsed,14,2,0507,0.55,-594157,-4806975,38628,8686,32.7
pg_elapsed,14,3,0505,1.05,-4632548,-9439523,62756,4299,815.4
pg_elapsed,14,4,0506,1.00,-2972485,-12412008,56695,5401,304.8
pg_elapsed,14,5,0506,0.91,-1827829,-14239837,55463,5625,550.6
pg_elapsed,14,6,0506,0.64,-401199,-14641036,42022,8069,59.6
pg_elapsed,14,7,0507,0.77,-450807,-15091843,45684,7403,54.8
pg_elapsed,14,8,0506,1.02,-1002137,-16093980,46820,7196,81.4
pg_elapsed,14,9,0505,0.56,-226913,-16320893,37347,8919,71.4
pg_elapsed,14,10,0505,0.97,-495680,-16816573,41130,8231,85.7
pg_elapsed,14,11,0506,1.23,-1464897,-18281470,49500,6710,132.2
pg_elapsed,14,12,0505,0.64,-268491,-18549961,35974,9168,87.4
pg_elapsed,14,13,0507,0.94,-533484,-19083445,39040,8611,93.6
pg_elapsed,14,14,0507,1.17,-776597,-19860042,42131,8049,106.1
pg_elapsed,14,15,0505,0.96,-502776,-20362818,39721,8488,105.2
pg_elapsed,14,16,0506,1.29,-1577380,-21940198,49270,6751,190.0
pg_elapsed,14,17,0507,0.73,-354421,-22294619,34760,9390,106.1
pg_elapsed,14,18,0506,1.25,-1490494,-23785113,47840,7011,226.1
pg_elapsed,14,19,0506,1.23,-1412101,-25197214,47833,7012,214.3
pg_elapsed,14,20,0506,0.74,-451811,-25649025,28786,10476,133.5
pg_elapsed,15,1,0507,1.15,-6921659,-6921659,55927,5540,1512.9
pg_elapsed,15,2,0507,0.53,-2224827,-9146486,49822,6650,63.6
pg_elapsed,15,3,0507,0.70,-670048,-9816534,47290,7111,45.3
pg_elapsed,15,4,0507,0.81,-1497318,-11313852,23596,11419,60.0
pg_elapsed,15,5,0507,0.77,-480533,-11794385,42661,7953,53.8
pg_elapsed,15,6,0507,1.27,-1336836,-13131221,45757,7390,95.2
pg_elapsed,15,7,0507,0.78,-419459,-13550680,42538,7975,58.6
pg_elapsed,15,8,0506,0.94,-912913,-14463593,48720,6851,73.2
pg_elapsed,15,9,0506,0.82,-560590,-15024183,42153,8045,65.7
pg_elapsed,15,10,0505,0.96,-491731,-15515914,41856,8099,78.9
pg_elapsed,15,11,0505,0.96,-496701,-16012615,42505,7981,85.3
pg_elapsed,15,12,0505,1.29,-874293,-16886908,45464,7443,102.0
pg_elapsed,15,13,0505,0.92,-466343,-17353251,41504,8163,94.1
pg_elapsed,15,14,0507,1.10,-670652,-18023903,41306,8199,110.2
pg_elapsed,15,15,0506,0.65,-365250,-18389153,38864,8643,104.5
pg_elapsed,15,16,0505,0.98,-504001,-18893154,41570,8151,111.7
pg_elapsed,15,17,0505,1.02,-532708,-19425862,41526,8159,110.3
pg_elapsed,15,18,0507,0.87,-461451,-19887313,37346,8919,109.6
pg_elapsed,15,19,0507,0.67,-326993,-20214306,35762,9207,111.4
pg_elapsed,15,20,0506,0.55,-282069,-20496375,40107,8418,112.7
pg_elapsed,16,1,0506,0.84,-3258983,-3258983,72546,2519,118.7
pg_elapsed,16,2,0506,1.03,-2069467,-5328450,57432,5267,263.9
pg_elapsed,16,3,0507,0.71,-771846,-6100296,24247,11300,36.1
pg_elapsed,16,4,0506,1.23,-1531962,-7632258,47114,7143,178.0
pg_elapsed,16,5,0507,1.20,-1025511,-8657769,40197,8400,72.3
pg_elapsed,16,6,0505,0.62,-323513,-8981282,21181,11858,33.5
pg_elapsed,16,7,0506,0.82,-639091,-9620373,27945,10628,57.2
pg_elapsed,16,8,0506,1.28,-1577491,-11197864,39108,8599,215.5
pg_elapsed,16,9,0507,1.09,-786066,-11983930,31562,9971,72.0
pg_elapsed,16,10,0507,0.98,-645394,-12629324,29213,10398,56.2
pg_elapsed,16,11,0507,0.57,-291810,-12921134,21990,11712,53.8
pg_elapsed,16,12,0506,0.64,-408073,-13329207,25556,11062,66.6
pg_elapsed,16,13,0505,1.22,-862991,-14192198,31677,9950,86.8
pg_elapsed,16,14,0507,1.19,-889096,-15081294,33419,9634,91.8
pg_elapsed,16,15,0506,0.74,-522547,-15603841,24890,11184,81.5
pg_elapsed,16,16,0506,1.09,-1193881,-16797722,33920,9542,149.7
pg_elapsed,16,17,0505,1.19,-806328,-17604050,30680,10132,98.5
pg_elapsed,16,18,0505,1.02,-610580,-18214630,27502,10709,81.1
pg_elapsed,16,19,0506,0.63,-407360,-18621990,23553,11427,90.5
pg_elapsed,16,20,0505,1.13,-756845,-19378835,35725,9214,104.8
pg_elapsed,17,1,0507,0.63,-3348819,-3348819,28035,10612,179.9
pg_elapsed,17,2,0505,0.77,-1714617,-5063436,21097,11874,57.2
pg_elapsed,17,3,0505,0.51,-668187,-5731623,33133,9685,22.5
pg_elapsed,17,4,0505,1.19,-1587803,-7319426,49325,6741,130.4
pg_elapsed,17,5,0507,1.11,-2045344,-9364770,29210,10398,153.7
pg_elapsed,17,6,0506,1.03,-1434809,-10799579,38829,8650,189.4
pg_elapsed,17,7,0507,1.03,-1385189,-12184768,29024,10432,117.2
pg_elapsed,17,8,0506,0.51,-548183,-12732951,38284,8748,47.6
pg_elapsed,17,9,0507,1.04,-1370907,-14103858,28185,10584,131.9
pg_elapsed,17,10,0506,1.18,-1614663,-15718521,42297,8019,282.4
pg_elapsed,17,11,0506,0.83,-1051801,-16770322,36030,9158,105.4
pg_elapsed,17,12,0507,1.05,-1386777,-18157099,27498,10710,127.3
pg_elapsed,17,13,0507,0.97,-1296724,-19453823,25740,11030,96.3
pg_elapsed,17,14,0505,1.12,-1102507,-20556330,35358,9280,120.4
pg_elapsed,17,15,0507,1.08,-1423871,-21980201,27624,10686,145.1
pg_elapsed,17,16,0505,0.93,-957197,-22937398,32636,9776,102.1
pg_elapsed,17,17,0506,0.67,-820351,-23757749,33256,9662,95.1
pg_elapsed,17,18,0506,0.97,-1290812,-25048561,36513,9070,149.3
pg_elapsed,17,19,0505,0.57,-502699,-25551260,30792,10110,81.1
pg_elapsed,17,20,0507,0.51,-608127,-26159387,22617,11598,87.8
pg_elapsed,18,1,0507,1.07,-6820900,-6820900,59491,4892,1314.1
pg_elapsed,18,2,0506,0.77,-2840466,-9661366,19075,12241,336.3
pg_elapsed,18,3,0507,0.88,-4004450,-13665816,53993,5892,535.8
pg_elapsed,18,4,0505,0.54,-435215,-14101031,39621,8506,33.7
pg_elapsed,18,5,0505,1.03,-649436,-14750467,43295,7838,38.5
pg_elapsed,18,6,0507,0.65,-303520,-15053987,33287,9657,38.3
pg_elapsed,18,7,0507,1.06,-673297,-15727284,41584,8148,68.0
pg_elapsed,18,8,0506,1.17,-1295592,-17022876,49562,6698,86.3
pg_elapsed,18,9,0505,1.15,-719103,-17741979,41528,8158,66.4
pg_elapsed,18,10,0506,0.71,-441186,-18183165,38720,8670,58.6
pg_elapsed,18,11,0506,0.98,-853148,-19036313,42508,7980,70.7
pg_elapsed,18,12,0507,0.62,-285646,-19321959,32720,9760,64.5
pg_elapsed,18,13,0507,0.60,-279556,-19601515,33628,9595,63.4
pg_elapsed,18,14,0506,0.63,-354270,-19955785,36598,9056,61.4
pg_elapsed,18,15,0506,0.96,-840507,-20796292,41596,8146,71.4
pg_elapsed,18,16,0505,1.13,-679018,-21475310,39282,8567,70.6
pg_elapsed,18,17,0505,0.53,-216366,-21691676,34178,9495,65.0
pg_elapsed,18,18,0505,1.14,-673824,-22365500,38825,8650,76.4
pg_elapsed,18,19,0505,1.24,-803435,-23168935,39678,8495,83.3
pg_elapsed,18,20,0507,0.60,-276984,-23445919,29359,10372,74.1
pg_elapsed,19,1,0506,1.24,-5592834,-5592834,69732,3030,1368.6
pg_elapsed,19,2,0505,0.74,-1640430,-7233264,62591,4329,106.8
pg_elapsed,19,3,0505,0.71,-859866,-8093130,32133,9867,45.7
pg_elapsed,19,4,0507,0.65,-938912,-9032042,30009,10253,45.2
pg_elapsed,19,5,0505,0.77,-627311,-9659353,47490,7074,50.0
pg_elapsed,19,6,0505,1.10,-805924,-10465277,44905,7544,56.7
pg_elapsed,19,7,0506,0.58,-402115,-10867392,41229,8213,49.3
pg_elapsed,19,8,0507,0.56,-376792,-11244184,34807,9380,40.7
pg_elapsed,19,9,0507,1.06,-814959,-12059143,37401,8909,61.3
pg_elapsed,19,10,0506,1.26,-1683216,-13742359,41035,8248,224.3
pg_elapsed,19,11,0506,0.85,-809923,-14552282,43450,7810,63.6
pg_elapsed,19,12,0506,0.54,-329295,-14881577,26808,10835,61.4
pg_elapsed,19,13,0507,0.56,-288082,-15169659,26490,10893,56.3
pg_elapsed,19,14,0505,1.06,-704021,-15873680,33902,9546,64.7
pg_elapsed,19,15,0505,0.97,-599241,-16472921,31243,10028,65.9
pg_elapsed,19,16,0506,1.19,-1490233,-17963154,38655,8681,156.8
pg_elapsed,19,17,0507,0.64,-349180,-18312334,26222,10942,66.0
pg_elapsed,19,18,0506,1.09,-1259623,-19571957,36642,9048,113.1
pg_elapsed,19,19,0505,0.64,-307965,-19879922,24760,11208,68.8
pg_elapsed,19,20,0505,0.83,-447324,-20327246,27578,10696,74.6
pg_norm,0,1,0507,0.72,-5354940,-5354940,55614,5598,374.3
pg_norm,0,2,0507,1.23,-1862129,-7217069,56561,5426,93.1
pg_norm,0,3,0506,0.96,-1230829,-8447898,43664,7770,61.2
pg_norm,0,4,0506,0.90,-870853,-9318751,44456,7626,36.7
pg_norm,0,5,0506,0.81,-684153,-10002904,42879,7913,29.9
pg_norm,0,6,0507,0.91,-548276,-10551180,32696,9764,30.1
pg_norm,0,7,0507,0.92,-559741,-11110921,35191,9311,32.9
pg_norm,0,8,0506,0.52,-279324,-11390245,35139,9320,28.7
pg_norm,0,9,0507,1.25,-1074414,-12464659,43057,7881,55.6
pg_norm,0,10,0507,0.99,-625860,-13090519,35316,9288,40.4
pg_norm,0,11,0506,1.00,-1040935,-14131454,43891,7729,66.6
pg_norm,0,12,0507,1.23,-1383511,-15514965,41171,8224,62.4
pg_norm,0,13,0507,1.06,-896047,-16411012,42067,8060,58.6
pg_norm,0,14,0505,1.03,-605262,-17016274,36356,9099,52.6
pg_norm,0,15,0507,0.70,-349677,-17365951,30775,10114,51.9
pg_norm,0,16,0507,0.72,-368659,-17734610,31395,10002,54.1
pg_norm,0,17,0507,1.20,-923781,-18658391,40374,8368,72.2
pg_norm,0,18,0505,0.66,-298361,-18956752,34112,9507,53.0
pg_norm,0,19,0506,1.06,-1138937,-20095689,45417,7452,95.1
pg_norm,0,20,0506,0.53,-288102,-20383791,36609,9053,55.6
pg_norm,1,1,0506,1.26,-3188977,-3188977,62681,4313,168.4
pg_norm,1,2,0505,1.16,-1661366,-4850343,53153,6045,106.6
pg_norm,1,3,0506,0.75,-699044,-5549387,46663,7225,26.5
pg_norm,1,4,0507,1.25,-1270995,-6820382,49822,6650,39.6
pg_norm,1,5,0506,0.53,-687538,-7507920,46868,7188,32.1
pg_norm,1,6,0505,1.02,-696336,-8204256,47466,7079,39.1
pg_norm,1,7,0506,0.64,-374612,-8578868,28306,10563,35.6
pg_norm,1,8,0507,1.03,-661902,-9240770,37562,8880,44.9
pg_norm,1,9,0505,0.69,-310466,-9551236,37478,8896,42.0
pg_norm,1,10,0506,0.67,-424801,-9976037,39575,8514,44.6
pg_norm,1,11,0505,1.13,-704334,-10680371,40034,8430,55.0
pg_norm,1,12,0506,1.04,-1039892,-11720263,35607,9236,62.5
pg_norm,1,13,0505,0.62,-264080,-11984343,34596,9419,51.1
pg_norm,1,14,0506,1.00,-975908,-12960251,34882,9367,66.1
pg_norm,1,15,0507,1.16,-804772,-13765023,40833,8285,71.2
pg_norm,1,16,0505,0.83,-404920,-14169943,36745,9028,63.9
pg_norm,1,17,0507,1.00,-614176,-14784119,37809,8835,71.0
pg_norm,1,18,0506,0.97,-918858,-15702977,42914,7907,79.6
pg_norm,1,19,0506,1.29,-1635250,-17338227,48741,6848,148.1
pg_norm,1,20,0506,0.76,-541260,-17879487,42410,7998,75.8
pg_norm,2,1,0507,0.74,-4144712,-4144712,59362,4916,278.5
pg_norm,2,2,0505,0.98,-4373511,-8518223,50152,6591,382.6
pg_norm,2,3,0506,0.75,-651312,-9169535,42982,7894,26.4
pg_norm,2,4,0505,0.78,-452879,-9622414,43726,7759,28.6
pg_norm,2,5,0505,1.22,-748639,-10371053,35763,9207,36.9
pg_norm,2,6,0505,0.62,-246625,-10617678,26084,10967,30.0
pg_norm,2,7,0507,1.09,-662983,-11280661,36765,9024,41.7
pg_norm,2,8,0507,0.98,-559387,-11840048,36640,9048,42.7
pg_norm,2,9,0506,0.51,-245693,-12085741,35409,9272,38.7
pg_norm,2,10,0507,0.88,-465931,-12551672,34642,9411,45.3
pg_norm,2,11,0507,1.29,-916102,-13467774,40811,8289,58.5
pg_norm,2,12,0506,1.28,-1578486,-15046260,49068,6788,100.5
pg_norm,2,13,0506,1.07,-1056689,-16102949,45871,7370,65.5
pg_norm,2,14,0505,0.75,-333916,-16436865,36013,9162,54.7
pg_norm,2,15,0507,0.50,-214889,-16651754,31776,9932,55.9
pg_norm,2,16,0505,1.00,-515465,-17167219,37940,8811,64.1
pg_norm,2,17,0506,0.62,-334331,-17501550,35793,9202,62.8
pg_norm,2,18,0506,0.82,-564279,-18065829,38897,8637,68.3
pg_norm,2,19,0506,0.74,-453615,-18519444,37366,8916,66.7
pg_norm,2,20,0505,1.15,-658468,-19177912,37522,8887,75.9
pg_norm,3,1,0507,0.69,-1404808,-1404808,61931,4449,38.5
pg_norm,3,2,0505,0.68,-740715,-2145523,47807,7017,26.7
pg_norm,3,3,0506,1.01,-1243933,-3389456,54036,5884,38.3
pg_norm,3,4,0506,0.94,-908350,-4297806,45213,7488,38.3
pg_norm,3,5,0506,0.65,-431088,-4728894,40403,8364,29.0
pg_norm,3,6,0507,1.23,-1046906,-5775800,45386,7458,50.9
pg_norm,3,7,0506,1.06,-1225809,-7001609,50973,6442,65.1
pg_norm,3,8,0506,0.93,-898533,-7900142,47918,6997,51.1
pg_norm,3,9,0505,1.07,-711351,-8611493,42203,8036,48.2
pg_norm,3,10,0507,0.93,-579199,-9190692,36676,9041,48.9
pg_norm,3,11,0507,0.93,-570875,-9761567,36245,9120,52.4
pg_norm,3,12,0506,0.61,-391899,-10153466,38586,8694,50.1
pg_norm,3,13,0507,1.28,-1098810,-11252276,43696,7764,75.5
pg_norm,3,14,0507,1.29,-1135969,-12388245,42661,7952,85.4
pg_norm,3,15,0505,0.90,-493978,-12882223,36598,9055,63.9
pg_norm,3,16,0505,0.84,-437671,-13319894,34860,9371,66.5
pg_norm,3,17,0506,1.12,-1286453,-14606347,46030,7340,111.0
pg_norm,3,18,0507,1.21,-974013,-15580360,41361,8189,89.0
pg_norm,3,19,0505,0.53,-229282,-15809642,36336,9102,72.3
pg_norm,3,20,0505,1.09,-700131,-16509773,38354,8736,82.8
pg_norm,4,1,0507,0.91,-5349919,-5349919,55289,5656,485.4
pg_norm,4,2,0506,0.58,-887783,-6237702,63086,4239,23.7
pg_norm,4,3,0506,0.53,-1166759,-7404461,50161,6589,38.3
pg_norm,4,4,0505,1.26,-994897,-8399358,45717,7397,36.6
pg_norm,4,5,0506,0.70,-447801,-8847159,26824,10832,29.4
pg_norm,4,6,0506,0.67,-381121,-9228280,28427,10540,31.4
pg_norm,4,7,0505,0.55,-212579,-9440859,34959,9353,31.5
pg_norm,4,8,0506,0.79,-507940,-9948799,39841,8466,40.1
pg_norm,4,9,0507,0.80,-406399,-10355198,30870,10096,39.5
pg_norm,4,10,0506,0.83,-541084,-10896282,40141,8411,45.7
pg_norm,4,11,0507,1.11,-674069,-11570351,37805,8836,52.4
pg_norm,4,12,0506,0.51,-248994,-11819345,37658,8862,46.4
pg_norm,4,13,0506,0.93,-719166,-12538511,41251,8209,55.0
pg_norm,4,14,0505,0.68,-283883,-12822394,36422,9087,50.8
pg_norm,4,15,0505,1.17,-651495,-13473889,38380,8731,61.7
pg_norm,4,16,0505,1.26,-778045,-14251934,38512,8707,68.5
pg_norm,4,17,0507,0.60,-258865,-14510799,32235,9848,59.6
pg_norm,4,18,0505,0.89,-421823,-14932622,34970,9351,65.6
pg_norm,4,19,0506,0.81,-524522,-15457144,38218,8760,69.4
pg_norm,4,20,0507,0.95,-527285,-15984429,34961,9352,73.5
pg_norm,5,1,0507,1.15,-4121341,-4121341,68082,3330,361.1
pg_norm,5,2,0507,1.20,-2461522,-6582863,57047,5337,73.0
pg_norm,5,3,0505,0.84,-1069043,-7651906,32266,9842,31.3
pg_norm,5,4,0507,1.00,-1668503,-9320409,44496,7620,87.3
pg_norm,5,5,0507,1.06,-937210,-10257619,37554,8882,49.4
pg_norm,5,6,0507,0.71,-367167,-10624786,32910,9726,49.4
pg_norm,5,7,0507,0.52,-300825,-10925611,46784,7203,53.3
pg_norm,5,8,0505,0.78,-419579,-11345190,26795,10838,62.5
pg_norm,5,9,0506,0.56,-298520,-11643710,39244,8574,64.4
pg_norm,5,10,0507,0.94,-549280,-12192990,43721,7760,70.3
pg_norm,5,11,0505,0.61,-253201,-12446191,40074,8423,65.3
pg_norm,5,12,0506,1.04,-1072550,-13518741,48055,6972,99.5
pg_norm,5,13,0506,0.98,-857025,-14375766,45352,7464,85.0
pg_norm,5,14,0505,1.08,-619200,-14994966,42363,8007,91.8
pg_norm,5,15,0506,0.60,-332255,-15327221,40771,8296,89.5
pg_norm,5,16,0505,0.85,-412000,-15739221,38732,8667,94.2
pg_norm,5,17,0507,0.62,-274132,-16013353,35464,9262,105.5
pg_norm,5,18,0506,1.03,-966408,-16979761,45708,7398,107.3
pg_norm,5,19,0505,0.89,-433712,-17413473,39106,8599,104.7
pg_norm,5,20,0507,1.08,-654445,-18067918,39674,8496,124.6
pg_norm,6,1,0506,0.77,-2642661,-2642661,60963,4625,88.5
pg_norm,6,2,0507,1.30,-3054292,-5696953,57951,5172,93.1
pg_norm,6,3,0506,1.12,-2690413,-8387366,66795,3564,534.2
pg_norm,6,4,0506,1.05,-1523843,-9911209,57278,5295,125.5
pg_norm,6,5,0507,1.17,-1593392,-11504601,30813,10107,91.4
pg_norm,6,6,0505,1.17,-1123549,-12628150,58323,5105,74.2
pg_norm,6,7,0506,1.25,-1611156,-14239306,48414,6906,102.7
pg_norm,6,8,0507,1.22,-833911,-15073217,41735,8121,77.7
pg_norm,6,9,0505,0.77,-354719,-15427936,42543,7974,67.9
pg_norm,6,10,0505,0.98,-517283,-15945219,42406,7999,86.3
pg_norm,6,11,0505,1.11,-648265,-16593484,41993,8074,95.8
pg_norm,6,12,0507,0.69,-322181,-16915665,34176,9496,90.6
pg_norm,6,13,0505,0.90,-438399,-17354064,36904,9000,99.3
pg_norm,6,14,0507,1.14,-724095,-18078159,40157,8408,104.1
pg_norm,6,15,0507,1.09,-675682,-18753841,39570,8515,103.6
pg_norm,6,16,0505,0.52,-207117,-18960958,35751,9210,105.4
pg_norm,6,17,0506,1.27,-1567189,-20528147,48327,6922,149.4
pg_norm,6,18,0506,1.22,-1445736,-21973883,48797,6837,157.3
pg_norm,6,19,0506,0.67,-398094,-22371977,39460,8535,111.0
pg_norm,6,20,0505,0.67,-283930,-22655907,33694,9583,107.0
pg_norm,7,1,0507,1.22,-2641149,-2641149,63946,4082,73.0
pg_norm,7,2,0505,1.09,-2918444,-5559593,60789,4656,315.2
pg_norm,7,3,0505,1.14,-851090,-6410683,45530,7431,49.7
pg_norm,7,4,0506,1.04,-1079626,-7490309,47521,7069,42.3
pg_norm,7,5,0507,1.01,-619301,-8109610,40432,8358,43.9
pg_norm,7,6,0507,1.04,-623771,-8733381,39452,8536,58.8
pg_norm,7,7,0506,0.75,-478550,-9211931,42525,7978,52.7
pg_norm,7,8,0506,1.28,-1587857,-10799788,49096,6782,96.5
pg_norm,7,9,0506,1.29,-1535980,-12335768,48951,6809,106.4
pg_norm,7,10,0507,1.05,-612323,-12948091,39893,8456,79.8
pg_norm,7,11,0505,1.20,-726237,-13674328,42122,8050,83.6
pg_norm,7,12,0507,0.60,-266458,-13940786,31484,9985,74.7
pg_norm,7,13,0507,1.05,-628718,-14569504,37670,8860,91.2
pg_norm,7,14,0507,1.10,-677663,-15247167,38086,8784,108.3
pg_norm,7,15,0506,1.05,-983308,-16230475,44309,7653,121.6
pg_norm,7,16,0505,0.68,-294836,-16525311,34222,9487,94.8
pg_norm,7,17,0507,1.23,-842831,-17368142,40136,8412,109.9
pg_norm,7,18,0506,0.69,-404525,-17772667,38387,8730,98.4
pg_norm,7,19,0507,0.54,-231790,-18004457,30669,10134,101.4
pg_norm,7,20,0507,0.99,-557914,-18562371,35820,9196,98.4
pg_norm,8,1,0507,1.29,-4896899,-4896899,31038,10066,744.9
pg_norm,8,2,0505,0.66,-1274231,-6171130,50678,6495,36.8
pg_norm,8,3,0505,1.19,-1878080,-8049210,55931,5540,58.2
pg_norm,8,4,0505,1.08,-1732048,-9781258,48925,6814,81.0
pg_norm,8,5,0505,0.51,-247709,-10028967,42133,8048,42.2
pg_norm,8,6,0505,1.20,-753487,-10782454,37224,8942,56.8
pg_norm,8,7,0505,1.11,-616243,-11398697,42824,7923,68.5
pg_norm,8,8,0507,0.79,-395741,-11794438,37445,8902,54.8
pg_norm,8,9,0505,0.86,-394014,-12188452,37324,8923,70.0
pg_norm,8,10,0507,0.77,-386584,-12575036,36959,8990,75.8
pg_norm,8,11,0507,0.68,-307234,-12882270,35039,9338,73.7
pg_norm,8,12,0505,1.19,-687660,-13569930,40458,8354,88.7
pg_norm,8,13,0507,0.55,-232463,-13802393,32274,9842,81.6
pg_norm,8,14,0506,0.64,-346652,-14149045,38565,8698,64.9
pg_norm,8,15,0507,0.54,-225072,-14374117,32756,9754,83.4
pg_norm,8,16,0505,1.11,-611471,-14985588,39194,8583,92.7
pg_norm,8,17,0507,0.68,-312015,-15297603,34466,9443,91.1
pg_norm,8,18,0507,1.00,-567942,-15865545,38227,8759,104.1
pg_norm,8,19,0506,1.16,-1316756,-17182301,46885,7185,134.6
pg_norm,8,20,0507,0.86,-480968,-17663269,38155,8772,114.7
pg_norm,9,1,0506,0.73,-4797725,-4797725,72966,2442,689.1
pg_norm,9,2,0507,0.75,-2695479,-7493204,61900,4454,211.0
pg_norm,9,3,0505,0.54,-929545,-8422749,51923,6269,57.2
pg_norm,9,4,0507,0.97,-661959,-9084708,35098,9328,48.0
pg_norm,9,5,0506,1.18,-1828828,-10913536,59216,4942,142.9
pg_norm,9,6,0505,0.70,-320838,-11234374,40646,8319,52.8
pg_norm,9,7,0506,0.63,-374926,-11609300,44564,7606,57.5
pg_norm,9,8,0507,1.06,-639832,-12249132,35839,9193,72.0
pg_norm,9,9,0506,1.01,-872271,-13121403,47542,7066,86.6
pg_norm,9,10,0507,0.59,-253745,-13375148,36444,9083,78.0
pg_norm,9,11,0506,0.82,-555959,-13931107,41913,8088,83.7
pg_norm,9,12,0507,1.23,-813674,-14744781,40785,8294,104.6
pg_norm,9,13,0506,0.72,-434690,-15179471,40715,8306,87.2
pg_norm,9,14,0505,0.57,-226599,-15406070,36422,9087,74.9
pg_norm,9,15,0505,0.77,-347386,-15753456,38314,8743,82.4
pg_norm,9,16,0507,0.89,-484382,-16237838,36163,9134,104.6
pg_norm,9,17,0505,1.09,-600409,-16838247,39040,8611,111.4
pg_norm,9,18,0506,0.78,-513319,-17351566,39614,8507,110.4
pg_norm,9,19,0506,1.01,-902319,-18253885,43481,7804,131.2
pg_norm,9,20,0506,1.18,-1305098,-19558983,46476,7259,149.6
pg_norm,10,1,0507,0.67,-5764472,-5764472,58004,5163,589.7
pg_norm,10,2,0507,0.56,-1298421,-7062893,50812,6470,37.4
pg_norm,10,3,0506,0.93,-1374580,-8437473,47878,7004,42.2
pg_norm,10,4,0507,0.79,-521045,-8958518,37678,8859,47.8
pg_norm,10,5,0507,0.73,-395138,-9353656,39546,8519,36.4
pg_norm,10,6,0506,0.67,-401662,-9755318,43649,7774,49.6
pg_norm,10,7,0506,1.16,-1788960,-11544278,52449,6174,82.0
pg_norm,10,8,0505,1.28,-930242,-12474520,44661,7590,69.5
pg_norm,10,9,0505,1.05,-581387,-13055907,30746,10120,53.6
pg_norm,10,10,0505,0.84,-406642,-13462549,35960,9171,56.5
pg_norm,10,11,0505,1.27,-790432,-14252981,39841,8466,86.6
pg_norm,10,12,0507,0.63,-277510,-14530491,32849,9736,72.3
pg_norm,10,13,0506,0.52,-254395,-14784886,36083,9148,74.4
pg_norm,10,14,0507,1.16,-741990,-15526876,38776,8660,95.9
pg_norm,10,15,0505,1.16,-667236,-16194112,41649,8136,104.6
pg_norm,10,16,0507,0.93,-511640,-16705752,37245,8938,105.0
pg_norm,10,17,0507,0.60,-265993,-16971745,34978,9350,83.5
pg_norm,10,18,0505,0.70,-296366,-17268111,34794,9383,98.7
pg_norm,10,19,0505,1.13,-618496,-17886607,38072,8787,95.3
pg_norm,10,20,0506,1.26,-1510714,-19397321,47110,7144,140.0
pg_norm,11,1,0505,0.90,-5726922,-5726922,64154,4045,1120.1
pg_norm,11,2,0506,1.11,-4477987,-10204909,61117,4598,661.9
pg_norm,11,3,0507,0.81,-2555443,-12760352,45796,7382,224.3
pg_norm,11,4,0507,1.06,-2064182,-14824534,55796,5564,91.9
pg_norm,11,5,0507,1.14,-1739688,-16564222,41412,8180,71.1
pg_norm,11,6,0507,1.23,-1015699,-17579921,44571,7606,71.1
pg_norm,11,7,0507,0.52,-240202,-17820123,32066,9879,52.4
pg_norm,11,8,0507,0.53,-226802,-18046925,36201,9128,56.8
pg_norm,11,9,0506,0.58,-306102,-18353027,39193,8584,64.4
pg_norm,11,10,0507,1.30,-973849,-19326876,41920,8088,94.3
pg_norm,11,11,0507,1.12,-719418,-20046294,41089,8238,95.8
pg_norm,11,12,0506,0.97,-843123,-20889417,44946,7538,99.4
pg_norm,11,13,0506,0.51,-261243,-21150660,37227,8941,90.5
pg_norm,11,14,0505,0.75,-347744,-21498404,37034,8976,98.5
pg_norm,11,15,0507,1.08,-664511,-22162915,35865,9188,112.2
pg_norm,11,16,0507,0.65,-306150,-22469065,33044,9702,93.6
pg_norm,11,17,0507,0.73,-360097,-22829162,35720,9215,112.2
pg_norm,11,18,0505,0.68,-295408,-23124570,36092,9147,118.2
pg_norm,11,19,0506,1.18,-1373256,-24497826,47186,7130,142.4
pg_norm,11,20,0507,0.51,-232662,-24730488,34706,9399,85.8
pg_norm,12,1,0506,1.26,-2812626,-2812626,62943,4265,582.4
pg_norm,12,2,0507,0.99,-2116928,-4929554,37005,8981,443.6
pg_norm,12,3,0506,0.89,-1414592,-6344146,57192,5310,56.0
pg_norm,12,4,0506,0.80,-1368816,-7712962,50489,6530,58.6
pg_norm,12,5,0506,1.25,-2207354,-9920316,53771,5932,372.1
pg_norm,12,6,0506,1.11,-1516918,-11437234,51951,6264,99.5
pg_norm,12,7,0507,1.20,-1176054,-12613288,42590,7966,100.3
pg_norm,12,8,0507,0.74,-521528,-13134816,38985,8621,60.5
pg_norm,12,9,0506,1.22,-1568534,-14703350,50273,6568,137.0
pg_norm,12,10,0507,1.02,-732490,-15435840,38915,8634,77.6
pg_norm,12,11,0506,0.59,-377171,-15813011,42306,8018,72.1
pg_norm,12,12,0507,0.74,-406773,-16219784,34808,9380,77.4
pg_norm,12,13,0505,0.84,-446096,-16665880,37065,8970,67.6
pg_norm,12,14,0505,0.74,-358520,-17024400,35124,9323,84.8
pg_norm,12,15,0505,0.59,-263656,-17288056,27798,10656,87.9
pg_norm,12,16,0505,0.83,-425788,-17713844,29266,10388,103.2
pg_norm,12,17,0507,1.00,-655987,-18369831,34826,9378,116.5
pg_norm,12,18,0507,0.79,-433618,-18803449,34048,9518,108.2
pg_norm,12,19,0507,1.10,-771229,-19574678,38850,8646,118.0
pg_norm,12,20,0506,0.51,-270606,-19845284,38758,8662,106.5
pg_norm,13,1,0507,1.18,-6732893,-6732893,73206,2399,938.2
pg_norm,13,2,0507,1.12,-2361381,-9094274,68916,3179,69.7
pg_norm,13,3,0506,0.51,-683705,-9777979,61183,4585,43.7
pg_norm,13,4,0505,1.09,-1072587,-10850566,46036,7340,56.0
pg_norm,13,5,0507,0.99,-883118,-11733684,52229,6213,62.2
pg_norm,13,6,0505,1.04,-589950,-12323634,47444,7083,66.5
pg_norm,13,7,0505,0.98,-529448,-12853082,42780,7931,61.4
pg_norm,13,8,0507,0.78,-401606,-13254688,34262,9480,70.3
pg_norm,13,9,0507,1.00,-596179,-13850867,42274,8023,89.1
pg_norm,13,10,0506,0.99,-927744,-14778611,45712,7398,94.1
pg_norm,13,11,0507,0.88,-476128,-15254739,40334,8376,91.4
pg_norm,13,12,0506,0.51,-257756,-15512495,39184,8585,84.3
pg_norm,13,13,0507,0.85,-443972,-15956467,39304,8563,104.8
pg_norm,13,14,0505,0.98,-510436,-16466903,41592,8147,101.3
pg_norm,13,15,0507,0.81,-404839,-16871742,35949,9173,99.2
pg_norm,13,16,0507,0.75,-359708,-17231450,35360,9280,103.0
pg_norm,13,17,0506,0.63,-346587,-17578037,38651,8682,117.7
pg_norm,13,18,0505,0.97,-499383,-18077420,37368,8915,113.7
pg_norm,13,19,0506,0.52,-259703,-18337123,36734,9030,114.9
pg_norm,13,20,0507,1.26,-900549,-19237672,41957,8080,104.9
pg_norm,14,1,0505,0.79,-5493069,-5493069,60488,4712,423.3
pg_norm,14,2,0507,1.01,-4279501,-9772570,60402,4727,340.7
pg_norm,14,3,0507,0.82,-3079521,-12852091,50852,6464,224.4
pg_norm,14,4,0505,0.77,-499334,-13351425,37074,8968,48.3
pg_norm,14,5,0506,0.62,-340597,-13692022,35901,9182,50.3
pg_norm,14,6,0505,0.81,-365633,-14057655,31230,10031,53.0
pg_norm,14,7,0505,1.21,-768744,-14826399,35784,9204,59.6
pg_norm,14,8,0506,1.06,-980282,-15806681,35007,9344,76.9
pg_norm,14,9,0506,0.96,-765248,-16571929,41895,8092,69.1
pg_norm,14,10,0506,0.80,-511411,-17083340,38737,8666,66.9
pg_norm,14,11,0506,0.97,-798638,-17881978,41566,8152,65.7
pg_norm,14,12,0507,1.11,-670711,-18552689,38054,8790,84.4
pg_norm,14,13,0506,0.59,-306072,-18858761,35278,9296,61.9
pg_norm,14,14,0505,1.19,-673804,-19532565,38625,8686,87.1
pg_norm,14,15,0505,0.80,-357765,-19890330,33056,9699,83.4
pg_norm,14,16,0505,0.56,-225956,-20116286,30954,10082,82.1
pg_norm,14,17,0505,1.21,-717012,-20833298,38490,8711,103.9
pg_norm,14,18,0507,1.02,-599227,-21432525,33473,9624,100.0
pg_norm,14,19,0507,0.57,-259166,-21691691,30237,10212,94.8
pg_norm,14,20,0505,0.62,-254522,-21946213,30919,10088,92.7
pg_norm,15,1,0507,1.15,-6116320,-6116320,52539,6156,1225.0
pg_norm,15,2,0505,1.01,-1969223,-8085543,57401,5272,58.4
pg_norm,15,3,0507,0.57,-1085588,-9171131,41121,8232,32.3
pg_norm,15,4,0505,1.03,-612676,-9783807,37522,8887,44.1
pg_norm,15,5,0507,1.25,-974816,-10758623,41607,8144,60.2
pg_norm,15,6,0505,1.05,-560696,-11319319,36336,9102,47.1
pg_norm,15,7,0506,1.03,-943567,-12262886,44675,7586,62.2
pg_norm,15,8,0507,1.22,-851769,-13114655,42238,8030,72.9
pg_norm,15,9,0507,0.54,-244193,-13358848,32638,9775,58.6
pg_norm,15,10,0506,0.61,-327660,-13686508,37104,8963,62.6
pg_norm,15,11,0505,0.59,-242750,-13929258,35300,9291,65.6
pg_norm,15,12,0507,1.10,-676516,-14605774,39404,8545,82.7
pg_norm,15,13,0505,0.70,-312469,-14918243,35278,9295,74.1
pg_norm,15,14,0506,1.09,-1133787,-16052030,45211,7490,105.1
pg_norm,15,15,0505,0.80,-378538,-16430568,36314,9107,85.7
pg_norm,15,16,0506,0.91,-746500,-17177068,41572,8151,95.7
pg_norm,15,17,0505,1.15,-667068,-17844136,38667,8679,100.1
pg_norm,15,18,0507,0.92,-517917,-18362053,34434,9448,100.5
pg_norm,15,19,0505,0.66,-285315,-18647368,31538,9975,96.8
pg_norm,15,20,0506,1.14,-1215227,-19862595,45160,7498,132.4
pg_norm,16,1,0506,0.84,-3280189,-3280189,71391,2730,54.6
pg_norm,16,2,0507,0.82,-2228442,-5508631,59579,4876,337.1
pg_norm,16,3,0505,1.20,-1384584,-6893215,36823,9014,79.5
pg_norm,16,4,0506,0.80,-824984,-7718199,49369,6734,47.7
pg_norm,16,5,0505,0.71,-341535,-8059734,38494,8710,44.2
pg_norm,16,6,0507,0.83,-469705,-8529439,35439,9266,51.9
pg_norm,16,7,0507,0.75,-387852,-8917291,37769,8842,54.0
pg_norm,16,8,0505,0.73,-336282,-9253573,36818,9015,56.7
pg_norm,16,9,0506,0.67,-427552,-9681125,39494,8528,60.7
pg_norm,16,10,0506,1.02,-1065449,-10746574,36542,9066,92.1
pg_norm,16,11,0507,0.97,-601591,-11348165,35262,9298,85.2
pg_norm,16,12,0505,1.20,-821175,-12169340,43088,7875,98.0
pg_norm,16,13,0507,0.74,-381953,-12551293,29847,10282,81.7
pg_norm,16,14,0506,0.56,-312180,-12863473,37688,8857,59.5
pg_norm,16,15,0507,0.77,-405276,-13268749,33953,9536,92.4
pg_norm,16,16,0506,1.26,-1616973,-14885722,41396,8183,183.0
pg_norm,16,17,0507,0.61,-298369,-15184091,34099,9510,92.4
pg_norm,16,18,0507,0.52,-226096,-15410187,30922,10087,80.9
pg_norm,16,19,0507,0.79,-418242,-15828429,34193,9492,111.8
pg_norm,16,20,0506,1.09,-1207291,-17035720,45775,7386,106.0
pg_norm,17,1,0507,0.63,-3870962,-3870962,40992,8256,199.0
pg_norm,17,2,0505,0.83,-815678,-4686640,38875,8641,31.7
pg_norm,17,3,0507,1.05,-1457348,-6143988,40054,8426,83.6
pg_norm,17,4,0505,1.03,-789775,-6933763,42287,8020,49.1
pg_norm,17,5,0507,0.55,-297456,-7231219,24317,11288,35.2
pg_norm,17,6,0506,1.19,-1373283,-8604502,46142,7320,155.8
pg_norm,17,7,0507,0.97,-681221,-9285723,32427,9814,54.9
pg_norm,17,8,0505,0.86,-471704,-9757427,38162,8770,59.3
pg_norm,17,9,0505,1.06,-660580,-10418007,38016,8798,53.1
pg_norm,17,10,0506,0.63,-402096,-10820103,37947,8810,44.0
pg_norm,17,11,0505,1.02,-590302,-11410405,37766,8842,50.1
pg_norm,17,12,0506,0.95,-865042,-12275447,41999,8073,68.4
pg_norm,17,13,0505,0.83,-428245,-12703692,34607,9417,77.5
pg_norm,17,14,0507,1.23,-985670,-13689362,36140,9138,103.4
pg_norm,17,15,0505,0.87,-463806,-14153168,36939,8993,82.0
pg_norm,17,16,0507,0.69,-361731,-14514899,27533,10704,80.8
pg_norm,17,17,0505,1.26,-941082,-15455981,38832,8649,101.5
pg_norm,17,18,0505,0.97,-555916,-16011897,35098,9328,95.4
pg_norm,17,19,0507,0.69,-366337,-16378234,27258,10754,77.2
pg_norm,17,20,0507,1.23,-988907,-17367141,36410,9090,107.4
pg_norm,18,1,0507,1.07,-6747200,-6747200,55634,5594,1274.2
pg_norm,18,2,0507,0.76,-1399720,-8146920,55067,5697,37.5
pg_norm,18,3,0506,1.23,-1677419,-9824339,46179,7313,83.5
pg_norm,18,4,0507,0.88,-583456,-10407795,36094,9146,44.5
pg_norm,18,5,0505,0.64,-313769,-10721564,39570,8514,41.0
pg_norm,18,6,0505,1.01,-722989,-11444553,39788,8475,54.5
pg_norm,18,7,0507,0.54,-240873,-11685426,32127,9868,47.1
pg_norm,18,8,0505,1.13,-770504,-12455930,35566,9242,65.9
pg_norm,18,9,0507,0.98,-649922,-13105852,34910,9362,67.2
pg_norm,18,10,0506,0.60,-359785,-13465637,41103,8236,45.7
pg_norm,18,11,0505,1.28,-1000231,-14465868,42472,7987,90.1
pg_norm,18,12,0505,1.19,-839846,-15305714,41726,8122,86.2
pg_norm,18,13,0507,0.78,-439693,-15745407,30257,10208,76.7
pg_norm,18,14,0505,0.86,-445400,-16190807,35058,9335,80.8
pg_norm,18,15,0506,1.00,-1040849,-17231656,43296,7838,79.7
pg_norm,18,16,0507,0.99,-630396,-17862052,36394,9092,95.5
pg_norm,18,17,0507,1.12,-794819,-18656871,38680,8676,105.9
pg_norm,18,18,0506,1.14,-1305474,-19962345,45503,7436,135.5
pg_norm,18,19,0506,1.07,-1170340,-21132685,44545,7610,110.9
pg_norm,18,20,0506,1.12,-1262912,-22395597,45699,7400,163.5
pg_norm,19,1,0506,1.24,-5443656,-5443656,68828,3195,1164.2
pg_norm,19,2,0505,1.20,-1693413,-7137069,46938,7175,152.8
pg_norm,19,3,0505,1.07,-1628167,-8765236,44990,7530,99.4
pg_norm,19,4,0507,1.30,-1427870,-10193106,56442,5447,48.5
pg_norm,19,5,0505,0.73,-461942,-10655048,38776,8659,47.2
pg_norm,19,6,0507,1.16,-846528,-11501576,42567,7970,66.5
pg_norm,19,7,0507,1.00,-622440,-12124016,43121,7869,63.9
pg_norm,19,8,0507,0.66,-321797,-12445813,40476,8350,59.8
pg_norm,19,9,0506,1.24,-1501167,-13946980,49720,6670,112.9
pg_norm,19,10,0505,1.23,-874569,-14821549,46440,7266,67.6
pg_norm,19,11,0506,1.20,-1370990,-16192539,47499,7073,148.9
pg_norm,19,12,0506,0.69,-439662,-16632201,40367,8370,71.9
pg_norm,19,13,0505,1.11,-685351,-17317552,40538,8338,72.7
pg_norm,19,14,0505,1.29,-960835,-18278387,42230,8031,102.1
pg_norm,19,15,0507,0.94,-538143,-18816530,37726,8850,90.4
pg_norm,19,16,0505,1.27,-934742,-19751272,41856,8099,88.8
pg_norm,19,17,0507,1.21,-889876,-20641148,41405,8181,91.2
pg_norm,19,18,0507,1.14,-789832,-21430980,40151,8409,86.0
pg_norm,19,19,0506,1.03,-1042301,-22473281,44198,7674,95.6
pg_norm,19,20,0505,1.12,-692556,-23165837,39524,8523,88.7
pg_raw,0,1,0507,0.72,-5761124,-5761124,66146,3682,422.4
pg_raw,0,2,0505,1.27,-2189767,-7950891,57245,5301,99.7
pg_raw,0,3,0506,0.69,-1140175,-9091066,35747,9210,41.4
pg_raw,0,4,0507,1.20,-1460984,-10552050,45244,7483,94.4
pg_raw,0,5,0506,0.83,-893124,-11445174,45779,7386,40.5
pg_raw,0,6,0506,0.59,-427220,-11872394,38618,8688,27.0
pg_raw,0,7,0505,1.12,-886605,-12758999,43209,7853,47.1
pg_raw,0,8,0506,0.85,-792530,-13551529,33058,9698,43.3
pg_raw,0,9,0506,0.90,-896169,-14447698,43276,7841,53.1
pg_raw,0,10,0507,0.81,-522474,-14970172,34211,9489,36.9
pg_raw,0,11,0506,1.05,-1192418,-16162590,48995,6802,82.4
pg_raw,0,12,0507,1.19,-1005494,-17168084,40175,8404,64.8
pg_raw,0,13,0505,1.15,-885404,-18053488,39722,8487,56.6
pg_raw,0,14,0505,0.79,-454974,-18508462,34359,9462,44.0
pg_raw,0,15,0506,1.13,-1335412,-19843874,37507,8890,105.2
pg_raw,0,16,0505,0.71,-372082,-20215956,26216,10943,46.4
pg_raw,0,17,0507,0.98,-721846,-20937802,33256,9662,55.8
pg_raw,0,18,0506,0.61,-422229,-21360031,37159,8954,49.9
pg_raw,0,19,0505,0.92,-558133,-21918164,35542,9247,55.8
pg_raw,0,20,0505,0.66,-325685,-22243849,25713,11034,52.7
pg_raw,1,1,0506,1.26,-3472686,-3472686,52615,6143,61.8
pg_raw,1,2,0507,0.56,-1257393,-4730079,56478,5440,44.9
pg_raw,1,3,0506,1.29,-2293043,-7023122,58138,5138,78.4
pg_raw,1,4,0505,0.91,-732335,-7755457,39282,8567,31.8
pg_raw,1,5,0505,1.26,-1157057,-8912514,41592,8147,54.0
pg_raw,1,6,0507,0.83,-521398,-9433912,33727,9577,34.2
pg_raw,1,7,0505,0.99,-588265,-10022177,35493,9256,39.0
pg_raw,1,8,0505,1.20,-838399,-10860576,38363,8734,46.0
pg_raw,1,9,0507,1.06,-726472,-11587048,33476,9622,48.2
pg_raw,1,10,0505,0.76,-368589,-11955637,31996,9892,42.9
pg_raw,1,11,0506,0.64,-386514,-12342151,35793,9202,45.3
pg_raw,1,12,0505,1.14,-714242,-13056393,37654,8863,54.7
pg_raw,1,13,0505,1.20,-790289,-13846682,33012,9707,59.3
pg_raw,1,14,0507,0.87,-497540,-14344222,29047,10428,56.7
pg_raw,1,15,0506,0.89,-753369,-15097591,39521,8524,62.5
pg_raw,1,16,0505,0.51,-205638,-15303229,31538,9975,56.7
pg_raw,1,17,0507,1.28,-1034230,-16337459,39445,8538,76.4
pg_raw,1,18,0506,0.66,-404624,-16742083,35526,9250,64.8
pg_raw,1,19,0505,1.15,-714703,-17456786,37247,8938,74.6
pg_raw,1,20,0506,0.79,-569887,-18026673,37730,8850,74.5
pg_raw,2,1,0507,0.74,-4803511,-4803511,42888,7912,200.9
pg_raw,2,2,0507,1.14,-1065397,-5868908,49281,6749,30.8
pg_raw,2,3,0507,1.11,-1033227,-6902135,39431,8540,32.3
pg_raw,2,4,0507,0.90,-1173540,-8075675,43083,7876,50.7
pg_raw,2,5,0507,1.22,-883841,-8959516,38962,8626,38.1
pg_raw,2,6,0506,1.24,-1475808,-10435324,48873,6824,74.8
pg_raw,2,7,0506,0.89,-697415,-11132739,44966,7534,39.3
pg_raw,2,8,0505,1.18,-736462,-11869201,42670,7951,44.5
pg_raw,2,9,0505,0.81,-394553,-12263754,39482,8530,42.2
pg_raw,2,10,0505,0.98,-535106,-12798860,39326,8559,47.4
pg_raw,2,11,0507,1.06,-673927,-13472787,38308,8744,55.5
pg_raw,2,12,0505,1.08,-622953,-14095740,39370,8551,56.5
pg_raw,2,13,0507,1.02,-621969,-14717709,37100,8964,60.1
pg_raw,2,14,0506,1.00,-948779,-15666488,42520,7978,68.7
pg_raw,2,15,0505,0.59,-245615,-15912103,34354,9463,58.2
pg_raw,2,16,0507,0.68,-323971,-16236074,32495,9802,62.2
pg_raw,2,17,0505,0.91,-465591,-16701665,35850,9191,68.0
pg_raw,2,18,0507,1.08,-674564,-17376229,37665,8861,77.2
pg_raw,2,19,0507,0.71,-353856,-17730085,33290,9656,71.7
pg_raw,2,20,0506,0.92,-772022,-18502107,40970,8260,79.3
pg_raw,3,1,0507,0.69,-5571083,-5571083,61867,4460,393.4
pg_raw,3,2,0505,0.84,-1516921,-7088004,62912,4270,54.2
pg_raw,3,3,0506,0.89,-1454769,-8542773,44936,7539,54.9
pg_raw,3,4,0507,0.75,-667501,-9210274,41891,8093,31.2
pg_raw,3,5,0505,0.89,-623352,-9833626,39729,8486,35.5
pg_raw,3,6,0507,1.24,-1246479,-11080105,42956,7900,78.0
pg_raw,3,7,0505,0.84,-547077,-11627182,40437,8357,39.5
pg_raw,3,8,0506,1.29,-1674088,-13301270,49353,6736,273.1
pg_raw,3,9,0507,1.28,-1270170,-14571440,42054,8063,114.4
pg_raw,3,10,0506,0.78,-766109,-15337549,45321,7469,57.3
pg_raw,3,11,0505,0.82,-519042,-15856591,40745,8301,53.3
pg_raw,3,12,0506,1.12,-1415061,-17271652,48533,6885,164.6
pg_raw,3,13,0506,1.04,-1234609,-18506261,48069,6970,98.2
pg_raw,3,14,0507,0.92,-706786,-19213047,37445,8901,66.4
pg_raw,3,15,0507,1.26,-1183803,-20396850,41658,8136,99.9
pg_raw,3,16,0507,0.78,-523533,-20920383,35131,9322,66.7
pg_raw,3,17,0507,0.74,-454752,-21375135,34282,9476,69.6
pg_raw,3,18,0506,0.57,-403154,-21778289,39942,8447,69.4
pg_raw,3,19,0507,1.09,-908487,-22686776,39595,8510,91.4
pg_raw,3,20,0507,1.15,-1000256,-23687032,40470,8352,99.9
pg_raw,4,1,0507,0.91,-2275692,-2275692,53795,5928,33.4
pg_raw,4,2,0505,0.95,-1935890,-4211582,44896,7546,67.9
pg_raw,4,3,0505,0.81,-502223,-4713805,38502,8709,22.4
pg_raw,4,4,0506,1.04,-1198300,-5912105,40298,8382,33.6
pg_raw,4,5,0506,0.82,-566126,-6478231,37380,8913,29.0
pg_raw,4,6,0507,0.55,-248925,-6727156,24842,11192,26.9
pg_raw,4,7,0507,1.08,-709169,-7436325,37194,8946,38.0
pg_raw,4,8,0505,0.86,-414061,-7850386,34530,9431,36.0
pg_raw,4,9,0506,1.02,-897160,-8747546,32411,9816,45.1
pg_raw,4,10,0507,1.13,-704393,-9451939,36035,9158,46.5
pg_raw,4,11,0506,0.83,-554472,-10006411,39204,8582,45.3
pg_raw,4,12,0505,0.64,-264826,-10271237,31824,9923,43.0
pg_raw,4,13,0507,1.03,-604288,-10875525,34800,9382,53.1
pg_raw,4,14,0505,0.66,-278270,-11153795,31414,9998,48.4
pg_raw,4,15,0506,1.20,-1389133,-12542928,44255,7663,72.0
pg_raw,4,16,0507,1.15,-732134,-13275062,36339,9102,64.8
pg_raw,4,17,0507,1.02,-603919,-13878981,35900,9182,63.9
pg_raw,4,18,0507,0.77,-386908,-14265889,33320,9651,63.7
pg_raw,4,19,0507,0.84,-442135,-14708024,32233,9849,67.1
pg_raw,4,20,0507,0.60,-273113,-14981137,32066,9879,65.5
pg_raw,5,1,0507,1.15,-1717578,-1717578,34763,9388,117.0
pg_raw,5,2,0505,0.98,-3675115,-5392693,57300,5291,223.1
pg_raw,5,3,0507,0.77,-1058382,-6451075,31087,10057,58.2
pg_raw,5,4,0506,0.83,-831375,-7282450,47336,7102,33.5
pg_raw,5,5,0506,0.60,-419758,-7702208,34211,9489,26.0
pg_raw,5,6,0506,0.91,-888347,-8590555,31472,9987,42.4
pg_raw,5,7,0507,0.71,-414373,-9004928,27657,10681,31.2
pg_raw,5,8,0505,0.80,-444633,-9449561,37348,8918,35.5
pg_raw,5,9,0506,1.13,-1309853,-10759414,42628,7958,81.3
pg_raw,5,10,0505,0.59,-273939,-11033353,32990,9711,36.9
pg_raw,5,11,0507,1.07,-830920,-11864273,36829,9014,53.2
pg_raw,5,12,0506,0.79,-668722,-12532995,38589,8693,47.2
pg_raw,5,13,0507,1.09,-844622,-13377617,36356,9099,59.6
pg_raw,5,14,0507,1.07,-827646,-14205263,35706,9218,62.9
pg_raw,5,15,0507,1.15,-931353,-15136616,37271,8932,98.0
pg_raw,5,16,0506,0.75,-616028,-15752644,37426,8904,80.2
pg_raw,5,17,0506,0.79,-670334,-16422978,37683,8858,81.7
pg_raw,5,18,0506,0.99,-1008208,-17431186,41042,8248,112.4
pg_raw,5,19,0505,1.02,-674184,-18105370,35916,9179,92.4
pg_raw,5,20,0507,1.23,-1057437,-19162807,37803,8836,128.9
pg_raw,6,1,0506,0.77,-2570163,-2570163,60743,4665,115.6
pg_raw,6,2,0506,0.85,-1148174,-3718337,42826,7922,29.1
pg_raw,6,3,0506,0.83,-620584,-4338921,41264,8206,23.1
pg_raw,6,4,0506,0.99,-868532,-5207453,32330,9831,31.0
pg_raw,6,5,0505,0.83,-388624,-5596077,26593,10874,24.3
pg_raw,6,6,0507,1.03,-607401,-6203478,32635,9776,47.1
pg_raw,6,7,0506,0.64,-358872,-6562350,35971,9169,39.8
pg_raw,6,8,0507,0.51,-217587,-6779937,32518,9797,38.2
pg_raw,6,9,0507,0.68,-319915,-7099852,31362,10007,48.6
pg_raw,6,10,0505,0.60,-241076,-7340928,32374,9823,47.6
pg_raw,6,11,0505,1.22,-838168,-8179096,37764,8843,65.4
pg_raw,6,12,0505,0.68,-309346,-8488442,36336,9102,57.4
pg_raw,6,13,0506,0.53,-264612,-8753054,34428,9450,52.7
pg_raw,6,14,0505,0.88,-425030,-9178084,33100,9691,67.8
pg_raw,6,15,0506,1.30,-1669005,-10847089,46157,7317,167.3
pg_raw,6,16,0505,1.02,-540889,-11387978,36787,9020,78.2
pg_raw,6,17,0507,0.76,-387730,-11775708,30779,10113,76.0
pg_raw,6,18,0507,0.56,-248746,-12024454,30528,10158,83.1
pg_raw,6,19,0505,0.58,-235888,-12260342,31701,9946,83.8
pg_raw,6,20,0507,0.64,-301234,-12561576,30504,10163,77.7
pg_raw,7,1,0507,1.22,-4306268,-4306268,64912,3907,305.0
pg_raw,7,2,0505,0.99,-1545449,-5851717,54144,5865,45.1
pg_raw,7,3,0505,0.98,-722875,-6574592,27633,10686,41.4
pg_raw,7,4,0505,0.95,-536373,-7110965,33893,9547,46.9
pg_raw,7,5,0507,0.67,-306487,-7417452,27200,10764,44.7
pg_raw,7,6,0507,0.96,-535739,-7953191,36386,9094,55.8
pg_raw,7,7,0506,0.52,-252572,-8205763,36468,9078,38.5
pg_raw,7,8,0507,0.77,-377792,-8583555,33535,9612,53.2
pg_raw,7,9,0506,1.12,-1347757,-9931312,46908,7180,85.9
pg_raw,7,10,0505,1.30,-836081,-10767393,43242,7847,80.2
pg_raw,7,11,0507,0.73,-340920,-11108313,29800,10292,72.4
pg_raw,7,12,0507,1.20,-773576,-11881889,39196,8582,90.1
pg_raw,7,13,0507,0.86,-443944,-12325833,35938,9175,80.5
pg_raw,7,14,0506,0.50,-243974,-12569807,35789,9202,84.6
pg_raw,7,15,0506,0.77,-489132,-13058939,38810,8653,95.7
pg_raw,7,16,0505,0.50,-193535,-13252474,31604,9963,72.1
pg_raw,7,17,0505,1.15,-652465,-13904939,40846,8282,97.3
pg_raw,7,18,0505,0.78,-342683,-14247622,33914,9543,95.2
pg_raw,7,19,0506,0.75,-462695,-14710317,37336,8921,100.8
pg_raw,7,20,0506,1.06,-1005108,-15715425,33837,9557,120.8
pg_raw,8,1,0507,1.29,-5220667,-5220667,35805,9200,964.2
pg_raw,8,2,0507,1.29,-3499839,-8720506,53456,5990,388.3
pg_raw,8,3,0506,1.29,-2207195,-10927701,57619,5233,339.5
pg_raw,8,4,0505,1.05,-669849,-11597550,41636,8139,51.8
pg_raw,8,5,0505,1.05,-623707,-12221257,38952,8627,55.4
pg_raw,8,6,0506,0.54,-311878,-12533135,34873,9369,48.1
pg_raw,8,7,0507,0.50,-218984,-12752119,29489,10348,37.9
pg_raw,8,8,0506,0.87,-735540,-13487659,42021,8069,64.5
pg_raw,8,9,0506,0.98,-929191,-14416850,42171,8042,61.8
pg_raw,8,10,0505,0.72,-336852,-14753702,33512,9616,66.3
pg_raw,8,11,0506,0.63,-388842,-15142544,36482,9076,62.9
pg_raw,8,12,0505,0.70,-327460,-15470004,33232,9667,67.9
pg_raw,8,12,0505,0.70,-327460,-15797464,33232,9667,32.2
pg_raw,8,13,0505,1.10,-690564,-16488028,39383,8548,40.1
pg_raw,8,14,0505,0.97,-539776,-17027804,36684,9040,39.9
pg_raw,8,15,0505,0.50,-208960,-17236764,31063,10062,36.0
pg_raw,8,16,0507,0.53,-236243,-17473007,30014,10252,38.8
pg_raw,8,17,0506,1.18,-1374011,-18847018,45606,7418,75.7
pg_raw,8,18,0506,0.66,-415732,-19262750,37546,8882,45.8
pg_raw,8,19,0507,0.75,-395831,-19658581,32819,9742,47.5
pg_raw,8,20,0507,0.54,-251542,-19910123,30631,10140,46.9
pg_raw,9,1,0506,0.73,-4698272,-4698272,71963,2626,620.6
pg_raw,9,2,0506,0.76,-1930952,-6629224,59876,4823,56.3
pg_raw,9,3,0507,1.22,-2268868,-8898092,55392,5638,442.0
pg_raw,9,4,0505,1.02,-1034856,-9932948,49193,6765,62.7
pg_raw,9,5,0505,0.51,-352579,-10285527,42540,7974,43.9
pg_raw,9,6,0507,1.05,-688877,-10974404,39534,8522,50.1
pg_raw,9,7,0507,1.12,-708022,-11682426,41454,8172,53.8
pg_raw,9,8,0507,0.82,-415690,-12098116,37488,8894,69.3
pg_raw,9,9,0505,1.00,-518347,-12616463,41482,8167,73.0
pg_raw,9,10,0506,1.15,-1330360,-13946823,50264,6570,76.9
pg_raw,9,11,0505,0.85,-405133,-14351956,38590,8693,74.7
pg_raw,9,12,0505,1.20,-729730,-15081686,42384,8004,100.5
pg_raw,9,13,0505,0.66,-270228,-15351914,33518,9615,87.4
pg_raw,9,14,0506,1.23,-1491462,-16843376,47878,7004,130.1
pg_raw,9,15,0506,0.74,-454739,-17298115,39336,8558,101.6
pg_raw,9,16,0505,0.51,-196743,-17494858,33188,9675,93.0
pg_raw,9,17,0507,1.26,-892459,-18387317,41187,8220,130.6
pg_raw,9,18,0507,0.99,-566551,-18953868,36267,9116,111.8
pg_raw,9,19,0507,0.59,-254999,-19208867,32073,9878,113.7
pg_raw,9,20,0505,0.60,-240131,-19448998,34948,9355,111.6
pg_raw,10,1,0507,0.67,-5846937,-5846937,54617,5779,709.9
pg_raw,10,2,0506,0.62,-1558343,-7405280,69345,3101,46.9
pg_raw,10,3,0507,1.27,-1909141,-9314421,53648,5955,105.2
pg_raw,10,4,0505,1.14,-1501364,-10815785,34739,9393,62.4
pg_raw,10,5,0506,1.20,-1497429,-12313214,54351,5828,142.5
pg_raw,10,6,0507,0.61,-373977,-12687191,38842,8647,57.3
pg_raw,10,7,0505,0.55,-269192,-12956383,40010,8435,59.3
pg_raw,10,8,0505,1.28,-1009078,-13965461,43728,7759,93.5
pg_raw,10,9,0506,0.53,-309007,-14274468,39167,8588,65.5
pg_raw,10,10,0507,0.66,-348232,-14622700,28868,10460,70.2
pg_raw,10,11,0505,0.79,-402220,-15024920,38228,8758,67.7
pg_raw,10,12,0506,0.71,-488683,-15513603,39783,8476,89.2
pg_raw,10,13,0507,0.70,-361024,-15874627,28608,10508,74.5
pg_raw,10,14,0507,0.67,-330686,-16205313,33147,9682,88.9
pg_raw,10,15,0507,0.79,-429727,-16635040,34621,9414,92.5
pg_raw,10,16,0507,0.55,-242911,-16877951,32561,9790,100.6
pg_raw,10,17,0505,1.09,-693970,-17571921,39535,8521,105.1
pg_raw,10,18,0505,0.62,-265836,-17837757,34025,9523,94.3
pg_raw,10,19,0505,0.90,-478292,-18316049,36708,9035,110.6
pg_raw,10,20,0506,0.60,-347213,-18663262,36248,9118,119.1
pg_raw,11,1,0505,0.90,-5822613,-5822613,65761,3752,1050.7
pg_raw,11,2,0506,0.78,-1135137,-6957750,48551,6882,43.0
pg_raw,11,3,0507,0.50,-441158,-7398908,19185,12221,28.3
pg_raw,11,4,0506,0.56,-348669,-7747577,38165,8770,35.0
pg_raw,11,5,0507,1.15,-872939,-8620516,41959,8080,67.1
pg_raw,11,6,0507,0.67,-348860,-8969376,33444,9628,47.3
pg_raw,11,7,0507,0.59,-287892,-9257268,32847,9738,46.6
pg_raw,11,8,0507,1.17,-898967,-10156235,40000,8436,72.0
pg_raw,11,9,0507,0.61,-299459,-10455694,32731,9758,56.9
pg_raw,11,10,0506,0.55,-330815,-10786509,39268,8570,62.1
pg_raw,11,11,0505,0.52,-212556,-10999065,33034,9703,56.6
pg_raw,11,12,0507,0.61,-297162,-11296227,32297,9838,63.7
pg_raw,11,13,0506,1.12,-1288073,-12584300,44212,7671,108.0
pg_raw,11,14,0506,0.57,-340941,-12925241,38150,8773,78.5
pg_raw,11,15,0506,0.63,-398023,-13323264,37640,8866,68.9
pg_raw,11,16,0505,1.27,-965494,-14288758,41054,8245,100.6
pg_raw,11,17,0506,1.21,-1486278,-15775036,45799,7382,176.9
pg_raw,11,18,0506,1.19,-1400159,-17175195,45746,7392,177.3
pg_raw,11,19,0506,0.73,-528848,-17704043,39469,8533,85.0
pg_raw,11,20,0506,0.79,-605599,-18309642,39051,8610,86.7
pg_raw,12,1,0506,1.26,-2960116,-2960116,66267,3660,232.3
pg_raw,12,2,0506,1.30,-2668517,-5628633,60810,4653,757.0
pg_raw,12,3,0506,0.66,-1065751,-6694384,42552,7972,89.4
pg_raw,12,4,0505,1.20,-995889,-7690273,45268,7478,63.8
pg_raw,12,5,0505,1.01,-773370,-8463643,47026,7159,56.2
pg_raw,12,6,0505,0.75,-355120,-8818763,38903,8636,47.6
pg_raw,12,7,0505,0.87,-436047,-9254810,38765,8661,53.6
pg_raw,12,8,0505,0.68,-304760,-9559570,36404,9090,52.7
pg_raw,12,9,0505,1.27,-984103,-10543673,37792,8838,74.1
pg_raw,12,10,0506,0.68,-419964,-10963637,39163,8589,64.0
pg_raw,12,11,0507,0.88,-488315,-11451952,32911,9726,71.0
pg_raw,12,12,0507,1.10,-742272,-12194224,39310,8562,76.2
pg_raw,12,13,0505,0.98,-533581,-12727805,37522,8887,70.8
pg_raw,12,14,0507,1.13,-782725,-13510530,39820,8470,94.5
pg_raw,12,15,0505,0.95,-512468,-14022998,36906,8999,69.6
pg_raw,12,16,0506,0.94,-864663,-14887661,42506,7981,107.0
pg_raw,12,17,0507,0.54,-230393,-15118054,31241,10030,89.8
pg_raw,12,18,0506,0.67,-414969,-15533023,38174,8768,109.0
pg_raw,12,19,0507,1.23,-919170,-16452193,40895,8274,123.5
pg_raw,12,20,0507,1.18,-828348,-17280541,39699,8492,113.8
pg_raw,13,1,0507,1.18,-4986006,-4986006,65814,3743,194.5
pg_raw,13,2,0506,1.25,-4667518,-9653524,61108,4598,728.6
pg_raw,13,3,0505,1.21,-1937970,-11591494,43242,7847,68.2
pg_raw,13,4,0505,0.71,-969541,-12561035,19790,12111,42.8
pg_raw,13,5,0507,0.76,-855827,-13416862,26094,10965,39.7
pg_raw,13,6,0505,0.85,-667514,-14084376,32645,9774,46.9
pg_raw,13,7,0505,1.29,-1024233,-15108609,40778,8295,64.2
pg_raw,13,8,0507,0.94,-566011,-15674620,31462,9989,42.6
pg_raw,13,9,0506,0.62,-356665,-16031285,40146,8410,55.0
pg_raw,13,10,0507,0.80,-419146,-16450431,33817,9560,66.7
pg_raw,13,11,0507,1.14,-726992,-17177423,37350,8918,64.8
pg_raw,13,12,0505,1.16,-688050,-17865473,38886,8639,66.0
pg_raw,13,13,0507,0.54,-240873,-18106346,25939,10993,56.7
pg_raw,13,14,0505,0.67,-281634,-18387980,34042,9520,74.0
pg_raw,13,15,0507,0.76,-379493,-18767473,31984,9894,80.2
pg_raw,13,16,0505,0.69,-289003,-19056476,32547,9792,76.4
pg_raw,13,17,0506,0.81,-560423,-19616899,37786,8839,69.7
pg_raw,13,18,0507,0.84,-453530,-20070429,28790,10475,107.5
pg_raw,13,19,0505,0.60,-246037,-20316466,32814,9743,100.7
pg_raw,13,20,0507,1.25,-899916,-21216382,37831,8831,94.5
pg_raw,14,1,0505,0.79,-3792530,-3792530,59491,4892,357.6
pg_raw,14,2,0507,1.23,-4268471,-8061001,61346,4556,532.2
pg_raw,14,3,0505,1.05,-2288875,-10349876,48126,6959,71.1
pg_raw,14,4,0506,0.57,-1140181,-11490057,51929,6268,107.9
pg_raw,14,5,0506,1.07,-1382660,-12872717,33024,9705,81.7
pg_raw,14,6,0505,1.16,-920480,-13793197,30114,10234,57.2
pg_raw,14,7,0505,0.79,-433844,-14227041,29580,10331,52.0
pg_raw,14,8,0506,1.04,-1089781,-15316822,44099,7692,86.7
pg_raw,14,9,0507,1.05,-681765,-15998587,39864,8462,71.7
pg_raw,14,10,0507,0.93,-516515,-16515102,34558,9426,74.8
pg_raw,14,11,0505,1.29,-902125,-17417227,42606,7962,86.2
pg_raw,14,12,0507,0.93,-525912,-17943139,34765,9388,76.5
pg_raw,14,13,0505,0.81,-374577,-18317716,34618,9415,88.3
pg_raw,14,14,0507,0.60,-273498,-18591214,31430,9995,76.1
pg_raw,14,15,0506,0.76,-507272,-19098486,37686,8858,101.4
pg_raw,14,16,0507,0.85,-454636,-19553122,32838,9739,75.5
pg_raw,14,17,0505,1.06,-585090,-20138212,36691,9038,100.4
pg_raw,14,18,0507,0.65,-309109,-20447321,31305,10018,94.9
pg_raw,14,19,0506,1.21,-1407838,-21855159,45662,7407,170.4
pg_raw,14,20,0505,1.10,-658206,-22513365,38118,8779,112.9
pg_raw,15,1,0507,1.15,-4387576,-4387576,41253,8208,762.3
pg_raw,15,2,0507,0.76,-1200050,-5587626,50964,6443,28.3
pg_raw,15,3,0506,1.20,-2185187,-7772813,51984,6258,89.3
pg_raw,15,4,0507,0.75,-565566,-8338379,41537,8157,44.7
pg_raw,15,5,0506,1.01,-917866,-9256245,44227,7668,61.1
pg_raw,15,6,0507,1.28,-915297,-10171542,45013,7525,73.4
pg_raw,15,7,0507,1.19,-781423,-10952965,41786,8112,73.5
pg_raw,15,8,0505,1.17,-670124,-11623089,43572,7787,73.5
pg_raw,15,9,0507,0.73,-349849,-11972938,36037,9157,48.8
pg_raw,15,10,0506,1.11,-1107914,-13080852,45367,7461,84.6
pg_raw,15,11,0506,0.55,-276777,-13357629,39761,8480,66.7
pg_raw,15,12,0505,0.92,-448439,-13806068,38468,8715,75.3
pg_raw,15,13,0507,1.03,-599747,-14405815,37804,8836,85.5
pg_raw,15,14,0507,0.66,-302234,-14708049,34560,9426,81.5
pg_raw,15,15,0505,0.58,-232796,-14940845,35561,9244,82.2
pg_raw,15,16,0507,1.12,-677396,-15618241,39155,8590,98.0
pg_raw,15,17,0505,1.10,-613932,-16232173,39172,8587,100.6
pg_raw,15,18,0507,0.93,-510206,-16742379,36212,9126,103.8
pg_raw,15,19,0506,0.87,-617341,-17359720,40449,8355,112.0
pg_raw,15,20,0506,0.96,-777321,-18137041,41731,8122,128.9
pg_raw,16,1,0506,0.84,-3205384,-3205384,73239,2393,56.7
pg_raw,16,2,0506,0.55,-1032741,-4238125,56915,5361,35.2
pg_raw,16,3,0506,0.79,-888927,-5127052,33446,9628,45.4
pg_raw,16,4,0506,1.06,-1190180,-6317232,53881,5912,56.2
pg_raw,16,5,0507,0.84,-470748,-6787980,41616,8142,38.3
pg_raw,16,6,0507,0.98,-616828,-7404808,43048,7882,48.5
pg_raw,16,7,0505,0.69,-319262,-7724070,40448,8355,50.4
pg_raw,16,8,0505,1.05,-624096,-8348166,41130,8231,48.8
pg_raw,16,9,0507,1.11,-739981,-9088147,40908,8272,68.1
pg_raw,16,10,0507,0.83,-444251,-9532398,37770,8842,67.3
pg_raw,16,11,0507,0.87,-476420,-10008818,37758,8844,74.6
pg_raw,16,12,0506,1.22,-1470448,-11479266,48687,6857,131.6
pg_raw,16,13,0505,0.59,-259018,-11738284,37874,8823,61.4
pg_raw,16,14,0507,1.23,-909823,-12648107,43568,7788,109.1
pg_raw,16,15,0507,0.59,-273772,-12921879,33570,9606,86.2
pg_raw,16,16,0505,0.89,-452886,-13374765,38182,8767,86.2
pg_raw,16,17,0505,1.25,-854840,-14229605,41601,8146,114.9
pg_raw,16,18,0507,0.61,-279339,-14508944,31749,9936,99.7
pg_raw,16,19,0505,0.82,-394248,-14903192,34663,9407,107.5
pg_raw,16,20,0507,0.93,-535771,-15438963,36061,9153,114.3
pg_raw,17,1,0507,0.63,-3000381,-3000381,31199,10036,125.0
pg_raw,17,2,0507,0.97,-3148488,-6148869,58182,5131,66.8
pg_raw,17,3,0506,0.93,-1268521,-7417390,44504,7618,45.3
pg_raw,17,4,0505,0.73,-394931,-7812321,36622,9050,38.8
pg_raw,17,5,0506,0.54,-346559,-8158880,50865,6461,43.2
pg_raw,17,6,0507,1.08,-783197,-8942077,39491,8530,61.0
pg_raw,17,7,0505,0.54,-222594,-9164671,24866,11188,47.3
pg_raw,17,8,0506,0.60,-314734,-9479405,38815,8652,57.3
pg_raw,17,9,0505,0.62,-252955,-9732360,35828,9195,59.1
pg_raw,17,10,0507,0.77,-387639,-10119999,31955,9900,56.4
pg_raw,17,11,0505,0.55,-218796,-10338795,34603,9418,62.1
pg_raw,17,12,0506,0.80,-536869,-10875664,41333,8194,72.4
pg_raw,17,13,0506,0.63,-342612,-11218276,40576,8332,70.4
pg_raw,17,14,0507,1.22,-804821,-12023097,39158,8590,85.8
pg_raw,17,15,0506,0.58,-304612,-12327709,40208,8398,59.7
pg_raw,17,16,0507,0.55,-234711,-12562420,32963,9716,87.9
pg_raw,17,17,0507,0.97,-561236,-13123656,37109,8962,73.1
pg_raw,17,18,0505,0.78,-360180,-13483836,35600,9236,90.4
pg_raw,17,19,0507,1.24,-842558,-14326394,40375,8368,107.1
pg_raw,17,20,0506,0.60,-319416,-14645810,37466,8898,77.1
pg_raw,18,1,0507,1.07,-6796642,-6796642,57335,5284,1347.2
pg_raw,18,2,0507,0.71,-1085917,-7882559,60270,4751,38.6
pg_raw,18,3,0506,1.18,-1695240,-9577799,54484,5803,367.9
pg_raw,18,4,0506,1.25,-2329255,-11907054,56411,5453,81.5
pg_raw,18,5,0507,1.30,-1302667,-13209721,44938,7538,71.7
pg_raw,18,6,0506,1.30,-1718718,-14928439,53503,5982,106.9
pg_raw,18,7,0506,0.53,-269104,-15197543,40987,8257,52.1
pg_raw,18,8,0505,0.84,-395270,-15592813,39243,8574,63.3
pg_raw,18,9,0505,1.11,-612107,-16204920,40118,8415,71.1
pg_raw,18,10,0506,0.75,-457205,-16662125,41392,8184,69.1
pg_raw,18,11,0506,0.88,-638360,-17300485,40711,8308,76.5
pg_raw,18,12,0506,0.58,-289631,-17590116,38688,8675,71.9
pg_raw,18,13,0506,0.55,-271674,-17861790,36519,9070,69.8
pg_raw,18,14,0507,0.77,-371768,-18233558,34274,9478,82.3
pg_raw,18,15,0507,0.77,-369586,-18603144,34540,9430,73.2
pg_raw,18,16,0506,1.20,-1356762,-19959906,48445,6901,106.9
pg_raw,18,17,0506,1.17,-1244427,-21204333,48651,6864,118.1
pg_raw,18,18,0507,0.52,-225492,-21429825,34026,9522,79.5
pg_raw,18,19,0506,1.15,-1218655,-22648480,45860,7371,108.5
pg_raw,18,20,0507,0.53,-224979,-22873459,31545,9974,85.5
pg_raw,19,1,0506,1.24,-5399955,-5399955,69666,3043,1208.9
pg_raw,19,2,0505,1.10,-1696092,-7096047,60904,4636,57.0
pg_raw,19,3,0507,0.67,-1416482,-8512529,32814,9743,74.0
pg_raw,19,4,0506,0.50,-379823,-8892352,46449,7264,36.7
pg_raw,19,5,0507,1.23,-1118337,-10010689,52424,6178,66.9
pg_raw,19,6,0505,0.74,-331838,-10342527,42736,7939,53.2
pg_raw,19,7,0506,1.16,-1268864,-11611391,48753,6845,64.6
pg_raw,19,8,0506,0.57,-307335,-11918726,40962,8262,56.7
pg_raw,19,9,0506,1.12,-1203981,-13122707,47972,6987,76.7
pg_raw,19,10,0506,0.63,-358810,-13481517,40180,8404,54.5
pg_raw,19,11,0505,0.51,-194997,-13676514,36799,9018,60.9
pg_raw,19,12,0505,0.50,-191966,-13868480,35036,9339,55.3
pg_raw,19,13,0505,1.06,-607155,-14475635,39458,8535,82.3
pg_raw,19,14,0507,0.56,-236553,-14712188,33144,9683,80.4
pg_raw,19,15,0506,0.87,-695411,-15407599,42119,8052,92.4
pg_raw,19,16,0506,0.55,-286250,-15693849,37225,8942,65.8
pg_raw,19,17,0507,1.01,-604674,-16298523,38025,8796,90.4
pg_raw,19,18,0507,0.55,-231979,-16530502,33182,9676,91.0
pg_raw,19,19,0507,0.86,-458140,-16988642,35307,9290,100.7
pg_raw,19,20,0506,0.99,-946248,-17934890,43725,7760,104.5
